City_ID,City,Country,Lat,Lng,Max Temp,Humidity,Cloudiness,Current Description
0,Hobart,AU,-42.8794,147.3294,46.26,69,40,scattered clouds
1,Boende,CD,-0.2167,20.8667,68.43,99,83,broken clouds
2,Vaini,TO,-21.2,-175.2,80.76,74,20,few clouds
3,Caravelas,BR,-17.7125,-39.2481,69.84,77,8,clear sky
4,Rikitea,PF,-23.1203,-134.9692,73.13,73,3,clear sky
5,Port Alfred,ZA,-33.5906,26.891,56.17,92,99,light rain
6,Prince Rupert,CA,54.3161,-130.3201,62.69,70,0,clear sky
7,Minervino Murge,IT,41.0843,16.0784,64.24,69,20,few clouds
8,Castro,BR,-24.7911,-50.0119,54.82,98,98,overcast clouds
9,Kapaa,US,22.0752,-159.319,84.18,78,100,light rain
10,Mataura,NZ,-46.1927,168.8643,55.78,55,100,overcast clouds
11,Punta Arenas,CL,-53.15,-70.9167,41.11,70,40,scattered clouds
12,Haines Junction,CA,60.7522,-137.5108,57.15,41,65,broken clouds
13,Algeciras,ES,36.1333,-5.4505,71.58,86,78,broken clouds
14,Sarahan,IN,31.5167,77.8,56.98,87,3,clear sky
15,Bluff,NZ,-46.6,168.3333,52.84,67,100,overcast clouds
16,Barrow,US,71.2906,-156.7887,37.42,87,100,overcast clouds
17,Busselton,AU,-33.65,115.3333,61.7,84,64,broken clouds
18,Saskylakh,RU,71.9167,114.0833,33.78,80,90,overcast clouds
19,Bubaque,GW,11.2833,-15.8333,78.82,81,100,light rain
20,Emerald,AU,-23.5333,148.1667,65.34,70,100,overcast clouds
21,Ushuaia,AR,-54.8,-68.3,40.66,70,40,scattered clouds
22,Pangody,RU,65.85,74.4859,42.75,85,100,overcast clouds
23,Cervo,ES,43.6702,-7.4101,65.97,76,100,overcast clouds
24,Hithadhoo,MV,-0.6,73.0833,81.66,72,29,scattered clouds
25,Albany,US,42.6001,-73.9662,67.33,87,100,overcast clouds
26,Avarua,CK,-21.2078,-159.775,78.85,73,75,broken clouds
27,Port Hedland,AU,-20.3167,118.5667,71.65,78,0,clear sky
28,Vardo,NO,70.3705,31.1107,44.58,93,100,overcast clouds
29,Klaksvik,FO,62.2266,-6.589,47.32,91,76,broken clouds
30,Cherskiy,RU,68.75,161.3,43.97,75,97,overcast clouds
31,Saldanha,ZA,-33.0117,17.9442,46.45,73,1,clear sky
32,Aki,JP,33.5,133.9,85.95,67,49,scattered clouds
33,Qaanaaq,GL,77.484,-69.3632,37.13,98,100,overcast clouds
34,Chokurdakh,RU,70.6333,147.9167,40.32,73,100,overcast clouds
35,Toora-Khem,RU,52.4675,96.11,48.61,58,100,overcast clouds
36,Kruisfontein,ZA,-34.0033,24.7314,51.89,68,100,overcast clouds
37,Vredendal,ZA,-31.6683,18.5012,47.79,86,51,broken clouds
38,Bernissart,BE,50.4746,3.6496,59.45,96,56,mist
39,Dickinson,US,29.4608,-95.0513,91.49,65,20,few clouds
40,Mizdah,LY,31.4451,12.9801,75.69,59,4,clear sky
41,Tuktoyaktuk,CA,69.4541,-133.0374,37.4,100,100,light intensity drizzle
42,Lokosovo,RU,61.1333,74.8167,34.32,88,27,scattered clouds
43,Faanui,PF,-16.4833,-151.75,79.32,71,7,clear sky
44,Yulara,AU,-25.2406,130.9889,58.84,77,100,overcast clouds
45,Leningradskiy,RU,69.3833,178.4167,42.55,73,8,clear sky
46,Atar,MR,20.5169,-13.0499,95.45,31,56,broken clouds
47,Stornoway,GB,58.2093,-6.3865,52.93,97,100,overcast clouds
48,San Patricio,US,28.017,-97.5169,87.89,56,36,scattered clouds
49,Narsaq,GL,60.9167,-46.05,44.82,88,84,broken clouds
50,Isangel,VU,-19.55,169.2667,86.11,66,40,scattered clouds
51,Urzhum,RU,57.1141,49.9996,38.61,89,18,few clouds
52,Laguna,US,38.421,-121.4238,95.29,21,0,clear sky
53,Houma,US,29.5958,-90.7195,84.0,76,100,overcast clouds
54,Mahebourg,MU,-20.4081,57.7,68.29,83,75,broken clouds
55,Esperance,AU,-33.8667,121.9,61.68,58,67,broken clouds
56,Thompson,CA,55.7435,-97.8558,66.36,39,20,few clouds
57,Paraje Nuevo,MX,18.8708,-96.8667,71.33,95,100,overcast clouds
58,Derzhavinsk,KZ,51.1,66.3167,43.43,69,9,clear sky
59,Kodiak,US,57.79,-152.4072,54.91,76,100,overcast clouds
60,Dunedin,NZ,-45.8742,170.5036,54.81,74,100,overcast clouds
61,Pontianak,ID,-0.0333,109.3333,76.98,94,40,scattered clouds
62,Geraldton,AU,-28.7667,114.6,55.81,94,0,clear sky
63,Tasiilaq,GL,65.6145,-37.6368,39.36,78,100,overcast clouds
64,Hualmay,PE,-11.0964,-77.6139,61.5,81,30,scattered clouds
65,Saint-Philippe,RE,-21.3585,55.7679,65.79,79,37,scattered clouds
66,Richards Bay,ZA,-28.783,32.0377,65.75,83,100,light rain
67,New Norfolk,AU,-42.7826,147.0587,45.9,81,49,scattered clouds
68,Torbay,CA,47.6666,-52.7314,59.76,97,100,moderate rain
69,Svay Rieng,KH,11.0879,105.7993,78.22,85,100,light rain
70,Lagoa,PT,39.05,-27.9833,72.01,78,100,overcast clouds
71,Hermanus,ZA,-34.4187,19.2345,48.79,68,92,overcast clouds
72,Jamestown,US,42.097,-79.2353,67.95,73,100,overcast clouds
73,Grindavik,IS,63.8424,-22.4338,46.87,81,0,clear sky
74,Kehtna,EE,58.9303,24.8781,43.18,84,77,broken clouds
75,Kamaishi,JP,39.2667,141.8833,74.53,77,60,broken clouds
76,Flinders,AU,-34.5833,150.8552,65.37,50,41,scattered clouds
77,Ancud,CL,-41.8697,-73.8203,46.22,88,100,overcast clouds
78,Codrington,AU,-38.2667,141.9667,51.55,70,83,broken clouds
79,Cercal,PT,37.806,-8.6715,67.75,79,100,overcast clouds
80,Guane,CU,22.2025,-84.0875,81.63,77,40,scattered clouds
81,Bambous Virieux,MU,-20.3428,57.7575,68.25,83,75,broken clouds
82,Nikolskoye,RU,59.7035,30.7861,45.88,81,100,overcast clouds
83,Saint George,US,37.1041,-113.5841,95.63,27,0,clear sky
84,Butaritari,KI,3.0707,172.7902,81.95,71,93,overcast clouds
85,Berlevag,NO,70.8578,29.0864,42.8,93,75,light rain
86,Warrnambool,AU,-38.3833,142.4833,51.28,68,89,overcast clouds
87,Hailey,US,43.5196,-114.3153,86.88,24,0,smoke
88,Furano,JP,43.2818,142.4743,67.5,67,95,overcast clouds
89,Cape Town,ZA,-33.9258,18.4232,52.92,77,0,clear sky
90,Atuona,PF,-9.8,-139.0333,77.04,69,0,clear sky
91,Sungairaya,ID,0.7,108.9,78.49,86,100,overcast clouds
92,Norman Wells,CA,65.282,-126.8329,60.84,44,75,broken clouds
93,Kikwit,CD,-5.041,18.8162,72.63,85,81,broken clouds
94,Georgetown,MY,5.4112,100.3354,78.89,87,20,few clouds
95,Llanes,ES,43.4198,-4.7549,72.97,67,69,broken clouds
96,Mareeba,AU,-17.0,145.4333,79.45,69,18,few clouds
97,Bengkulu,ID,-3.8004,102.2655,75.61,82,63,broken clouds
98,Chimbarongo,CL,-34.7,-71.05,49.08,80,99,overcast clouds
99,Dikson,RU,73.5069,80.5464,36.45,98,100,light rain
100,Bredasdorp,ZA,-34.5322,20.0403,47.28,79,80,broken clouds
101,Baghdad,IQ,33.3406,44.4009,78.71,36,0,clear sky
102,Provideniya,RU,64.3833,-173.3,46.51,93,100,overcast clouds
103,Adrar,MR,20.5022,-10.0711,94.53,25,12,few clouds
104,Rawson,AR,-43.3002,-65.1023,52.5,62,54,broken clouds
105,Yellowknife,CA,62.456,-114.3525,46.92,81,100,overcast clouds
106,Diebougou,BF,10.9667,-3.25,73.4,90,42,light rain
107,Wahpeton,US,46.2652,-96.6059,71.92,30,0,clear sky
108,Lompoc,US,34.6391,-120.4579,82.81,67,75,broken clouds
109,Akdepe,TM,42.0551,59.3788,51.89,64,0,clear sky
110,Hilo,US,19.7297,-155.09,85.73,71,0,clear sky
111,Puerto Ayora,EC,-0.7393,-90.3518,66.54,90,80,broken clouds
112,Namatanai,PG,-3.6667,152.4333,84.24,57,45,scattered clouds
113,Pingliang,CN,35.5392,106.6861,60.26,85,6,clear sky
114,Dunyapur,PK,29.7995,71.7196,86.43,51,0,clear sky
115,Tsybli,UA,49.9948,31.5628,56.08,90,81,broken clouds
116,Santa Maria,BR,-29.6842,-53.8069,54.7,62,0,clear sky
117,Puqi,CN,29.7167,113.8833,78.8,57,31,scattered clouds
118,Krasnoznamensk,RU,55.5994,37.0386,49.91,87,100,light rain
119,Saint Stephen,GB,50.3333,-4.9,64.67,88,91,overcast clouds
120,Baie-Comeau,CA,49.2168,-68.1489,55.08,100,100,fog
121,Kavieng,PG,-2.5744,150.7967,84.24,62,26,scattered clouds
122,Camargo,MX,27.6667,-105.1667,82.17,33,49,scattered clouds
123,Donskoye,RU,45.4552,41.9741,59.13,81,35,scattered clouds
124,Mandurah,AU,-32.55,115.7,64.9,77,15,few clouds
125,Piotrkow Trybunalski,PL,51.4055,19.7032,51.19,10,38,scattered clouds
126,Fortuna,US,40.5982,-124.1573,71.92,78,95,overcast clouds
127,Galle,LK,6.0367,80.217,77.38,89,16,few clouds
128,Longyearbyen,SJ,78.2186,15.6401,35.44,80,100,light rain
129,Aksu,CN,41.1231,80.2644,72.23,20,99,overcast clouds
130,Salalah,OM,17.0151,54.0924,78.89,100,100,light intensity drizzle
131,Poya,NC,-21.35,165.15,80.08,72,41,scattered clouds
132,Chernyshevskiy,RU,63.0128,112.4714,40.14,86,92,overcast clouds
133,Samarai,PG,-10.6167,150.6667,82.08,78,71,broken clouds
134,Lasa,IT,46.6166,10.7002,51.37,76,0,clear sky
135,Zhuhai,CN,22.2769,113.5678,86.86,74,0,clear sky
136,Khatanga,RU,71.9667,102.5,32.5,78,70,broken clouds
137,Rio Gallegos,AR,-51.6226,-69.2181,41.05,52,0,clear sky
138,Tiksi,RU,71.6872,128.8694,36.59,77,94,overcast clouds
139,Khuzhir,RU,53.1939,107.3397,52.7,67,94,overcast clouds
140,Victoria,HK,22.2855,114.1577,86.97,81,9,clear sky
141,Qaqortoq,GL,60.7167,-46.0333,45.0,89,72,broken clouds
142,Namibe,AO,-15.1961,12.1522,63.45,87,48,scattered clouds
143,Nouadhibou,MR,20.931,-17.0347,74.28,76,7,clear sky
144,Ponta Do Sol,PT,32.6667,-17.1,78.01,92,100,light rain
145,Am Timan,TD,11.0297,20.2827,72.43,94,19,few clouds
146,Gourcy,BF,13.2167,-2.35,77.36,79,16,few clouds
147,Cayenne,GF,4.9333,-52.3333,75.24,94,0,clear sky
148,Goma,CD,-1.6792,29.2228,62.4,87,49,light rain
149,Kavaratti,IN,10.5669,72.642,80.35,83,100,overcast clouds
150,Araouane,ML,18.9048,-3.5265,98.33,22,74,broken clouds
151,Chuy,UY,-33.6971,-53.4616,47.59,89,78,broken clouds
152,Putina,PE,-15.4667,-69.4333,50.34,71,7,clear sky
153,Mar Del Plata,AR,-38.0023,-57.5575,55.09,79,0,clear sky
154,Mancio Lima,BR,-7.6142,-72.8958,74.82,85,96,overcast clouds
155,Malindi,KE,-3.2175,40.1191,74.3,81,65,broken clouds
156,Quatre Cocos,MU,-20.2078,57.7625,68.11,72,26,scattered clouds
157,Gat,IL,31.61,34.7642,74.08,76,0,clear sky
158,Yeppoon,AU,-23.1333,150.7333,71.38,51,27,scattered clouds
159,Trinidad,BO,-14.8333,-64.9,82.89,35,27,scattered clouds
160,Brownsville,US,25.9018,-97.4975,87.78,65,20,few clouds
161,Hirado,JP,33.3597,129.5531,77.99,87,100,overcast clouds
162,Langsa,ID,4.4683,97.9683,74.17,82,99,overcast clouds
163,Bad Mergentheim,DE,49.4925,9.7736,55.0,87,3,clear sky
164,Fredericton,CA,45.9454,-66.6656,72.43,83,0,clear sky
165,Pevek,RU,69.7008,170.3133,40.75,73,69,broken clouds
166,Sao Filipe,CV,14.8961,-24.4956,77.83,82,19,few clouds
167,Comodoro Rivadavia,AR,-45.8667,-67.5,58.86,44,0,clear sky
168,Sheltozero,RU,61.3667,35.3667,44.74,81,11,few clouds
169,Maceio,BR,-9.6658,-35.7353,85.44,54,40,scattered clouds
170,San Juan,AR,-31.5375,-68.5364,64.4,16,0,clear sky
171,Seoul,KR,37.5683,126.9778,72.97,83,0,clear sky
172,Bani,DO,18.2833,-70.3333,81.86,77,90,overcast clouds
173,Port Blair,IN,11.6667,92.75,80.67,79,100,overcast clouds
174,Kyren,RU,51.6828,102.1408,56.23,77,76,broken clouds
175,Mossendjo,CG,-2.9506,12.7261,69.53,86,85,overcast clouds
176,Bulgan,MN,48.8125,103.5347,52.0,83,24,few clouds
177,Petatlan,MX,17.5167,-101.2667,85.8,93,100,overcast clouds
178,Kozhva,RU,65.1073,57.0459,42.6,97,99,overcast clouds
179,Mecca,SA,21.4267,39.8261,87.17,53,7,clear sky
180,Okhotsk,RU,59.3833,143.3,50.18,47,17,few clouds
181,Lebu,CL,-37.6167,-73.65,48.94,88,66,broken clouds
182,Marovoay,MG,-16.1,46.6333,68.18,69,0,clear sky
183,Mount Gambier,AU,-37.8333,140.7667,49.71,75,95,overcast clouds
184,Gobabis,NA,-22.45,18.9667,64.92,14,0,clear sky
185,Half Moon Bay,US,37.4636,-122.4286,87.91,71,0,clear sky
186,Luancheng,CN,37.8792,114.6517,73.56,62,10,clear sky
187,Ordu,TR,40.9086,37.6845,54.1,61,0,clear sky
188,Palmer,US,42.1584,-72.3287,69.49,82,100,overcast clouds
189,Creel,MX,27.75,-107.6333,64.33,61,53,broken clouds
190,Udachnyy,RU,66.4167,112.4,35.46,86,100,light rain
191,Coffs Harbour,AU,-30.3,153.1333,68.13,45,75,broken clouds
192,Del Rio,US,29.3627,-100.8968,84.22,100,75,broken clouds
193,Acapulco,MX,16.8634,-99.8901,82.22,78,100,overcast clouds
194,Cidreira,BR,-30.1811,-50.2056,55.92,72,40,scattered clouds
195,Mehamn,NO,71.0357,27.8492,42.75,93,100,light rain
196,Omsukchan,RU,62.5333,155.8,41.76,72,75,broken clouds
197,Bousso,TD,10.4795,16.7117,73.35,89,98,light rain
198,Fukue,JP,32.6881,128.8419,80.96,83,75,broken clouds
199,Champerico,GT,14.3,-91.9167,80.55,77,72,broken clouds
200,Cape Coast,GH,5.1053,-1.2466,73.76,92,46,scattered clouds
201,Aklavik,CA,68.2191,-135.0107,44.15,85,100,overcast clouds
202,Camapua,BR,-19.5314,-54.0439,83.23,34,51,broken clouds
203,Uthal,PK,25.8072,66.6219,84.47,69,55,broken clouds
204,Sinop,TR,41.7711,34.8709,64.02,58,6,clear sky
205,Nanortalik,GL,60.1432,-45.2371,43.05,94,68,broken clouds
206,Svilajnac,RS,44.2337,21.1967,58.51,90,47,scattered clouds
207,Upernavik,GL,72.7868,-56.1549,40.26,94,100,overcast clouds
208,Chongoyape,PE,-6.6406,-79.3892,70.88,66,76,broken clouds
209,Port Elizabeth,ZA,-33.918,25.5701,54.32,96,20,heavy intensity rain
210,Vostok,RU,46.4856,135.8833,67.32,58,95,overcast clouds
211,Apricena,IT,41.7839,15.4437,67.82,69,41,scattered clouds
212,Basoko,CD,1.2391,23.616,70.38,96,81,broken clouds
213,Portland,US,45.5234,-122.6762,80.58,39,100,overcast clouds
214,Simao,CN,22.7886,100.9748,63.72,99,100,overcast clouds
215,Ishikari,JP,43.2397,141.3539,73.47,78,75,broken clouds
216,Asau,RO,46.4333,26.4,54.52,89,28,scattered clouds
217,Vanimo,PG,-2.6741,141.3028,83.57,67,97,overcast clouds
218,Nykoping,SE,58.753,17.0079,49.86,93,0,clear sky
219,Faya,SA,18.3851,42.4509,68.11,29,41,scattered clouds
220,Haapiti,PF,-17.5667,-149.8667,83.93,66,1,clear sky
221,Teluk Nibung,ID,3.001,99.8164,75.54,88,91,overcast clouds
222,Boca Del Rio,MX,19.1,-96.1,84.29,63,75,broken clouds
223,Moose Factory,CA,51.2585,-80.6094,62.6,77,20,haze
224,Maarianhamina,AX,60.0973,19.9348,37.26,100,0,clear sky
225,Newport,GB,51.5877,-2.9984,64.94,85,100,overcast clouds
226,Airai,TL,-8.9266,125.4092,70.36,40,77,broken clouds
227,Bandrele,YT,-12.9067,45.1914,73.15,83,0,clear sky
228,Chapleau,CA,47.8405,-83.4034,55.49,88,75,broken clouds
229,Sakaiminato,JP,35.55,133.2333,78.78,89,75,broken clouds
230,Bethel,US,41.3712,-73.414,68.31,87,100,overcast clouds
231,Dingle,PH,10.9995,122.6711,81.01,83,62,broken clouds
232,Christchurch,NZ,-43.5333,172.6333,57.94,85,75,broken clouds
233,Fredericksburg,US,38.3032,-77.4605,76.95,83,40,scattered clouds
234,Sao Joao Da Barra,BR,-21.6403,-41.0511,68.09,73,99,overcast clouds
235,Raton,US,36.9034,-104.4391,71.94,57,0,clear sky
236,Honiara,SB,-9.4333,159.95,86.86,59,10,clear sky
237,Kahului,US,20.8947,-156.47,87.82,66,40,scattered clouds
238,Pudem,RU,58.3044,52.1675,39.7,95,74,broken clouds
239,Nantucket,US,41.2835,-70.0995,75.31,64,75,broken clouds
240,Saucillo,MX,28.0167,-105.2833,84.96,27,33,scattered clouds
241,Rosarito,MX,32.3333,-117.0333,83.91,77,15,few clouds
242,Havre-Saint-Pierre,CA,50.2334,-63.5986,52.16,93,75,mist
243,Lorengau,PG,-2.0226,147.2712,82.87,75,79,broken clouds
244,Progreso,MX,21.2833,-89.6667,78.12,79,100,overcast clouds
245,Solnechnyy,RU,50.7214,136.6319,59.59,86,100,overcast clouds
246,Lillooet,CA,50.6856,-121.942,88.52,24,83,broken clouds
247,Cabo San Lucas,MX,22.8909,-109.9124,87.62,70,20,few clouds
248,Zhigansk,RU,66.7697,123.3711,37.13,83,42,scattered clouds
249,Coquimbo,CL,-29.9533,-71.3436,55.13,71,0,clear sky
250,Ostersund,SE,63.1792,14.6357,45.05,81,75,broken clouds
251,Marshall,US,34.3834,-86.3333,73.94,86,40,scattered clouds
252,Outjo,NA,-20.1167,16.15,64.78,29,7,clear sky
253,Borogontsy,RU,62.6683,131.1683,43.11,68,25,scattered clouds
254,Katsuura,JP,35.1333,140.3,77.36,83,89,overcast clouds
255,Scottsbluff,US,41.8666,-103.6672,81.72,24,0,clear sky
256,Tuatapere,NZ,-46.1333,167.6833,52.2,78,100,moderate rain
257,Camacha,PT,33.0833,-16.3333,74.62,69,40,scattered clouds
258,Ballitoville,ZA,-29.539,31.2144,63.16,82,100,light rain
259,Dargaville,NZ,-35.9333,173.8833,61.59,84,27,scattered clouds
260,Ribeira Grande,PT,38.5167,-28.7,73.13,79,100,overcast clouds
261,Sibu,MY,2.3,111.8167,77.31,88,20,few clouds
262,Mudgee,AU,-32.5943,149.5871,53.78,54,1,clear sky
263,Vestmannaeyjar,IS,63.4427,-20.2734,49.51,82,5,clear sky
264,Loding,NO,67.3,14.75,48.65,94,100,light intensity drizzle
265,Bilibino,RU,68.0546,166.4372,47.37,83,99,overcast clouds
266,Esmeraldas,BR,-19.7625,-44.3139,79.11,39,48,scattered clouds
267,Kokopo,PG,-4.352,152.2633,82.94,55,53,broken clouds
268,Aitape,PG,-3.1374,142.3475,83.57,64,94,overcast clouds
269,Mulki,IN,13.1,74.8,79.88,89,75,heavy intensity rain
270,Raudeberg,NO,61.9875,5.1352,56.07,52,100,overcast clouds
271,Touros,BR,-5.1989,-35.4608,77.07,77,53,broken clouds
272,Ostrovnoy,RU,68.0531,39.5131,47.23,97,100,light rain
273,Xining,CN,36.6167,101.7667,51.49,71,0,clear sky
274,Oranjemund,NA,-28.55,16.4333,53.85,78,84,broken clouds
275,Antofagasta,CL,-23.65,-70.4,56.48,81,80,broken clouds
276,Sebeta,ET,8.9167,38.6167,59.04,92,92,light rain
277,Noumea,NC,-22.2763,166.4572,82.38,99,69,broken clouds
278,Sioux Lookout,CA,50.1001,-91.917,60.87,59,40,scattered clouds
279,Sisimiut,GL,66.9395,-53.6735,45.0,88,100,light rain
280,Palm Valley,US,30.1775,-81.3876,82.62,93,93,overcast clouds
281,Te Anau,NZ,-45.4167,167.7167,48.09,84,100,moderate rain
282,Aksarka,RU,66.5606,67.7975,40.28,87,100,overcast clouds
283,Honningsvag,NO,70.9821,25.9704,44.35,81,100,light rain
284,Kiruna,SE,67.8557,20.2251,40.12,87,100,overcast clouds
285,Ahipara,NZ,-35.1667,173.1667,60.75,86,25,scattered clouds
286,Nizhniy Kuranakh,RU,58.8353,125.4869,50.94,65,5,clear sky
287,Deputatskiy,RU,69.3,139.9,34.34,85,100,overcast clouds
288,Pisco,PE,-13.7,-76.2167,61.02,82,15,few clouds
289,Chimoio,MZ,-19.1164,33.4833,61.66,79,0,clear sky
290,East London,ZA,-33.0153,27.9116,59.65,74,100,light rain
291,Totskoye,RU,52.5248,52.7623,50.23,63,100,overcast clouds
292,Santa Marinella,IT,42.0345,11.8536,70.7,74,0,clear sky
293,Hambantota,LK,6.1241,81.1185,75.54,100,20,few clouds
294,Ambilobe,MG,-13.2,49.05,66.69,77,100,overcast clouds
295,Fort Nelson,CA,58.8053,-122.7002,63.99,27,75,broken clouds
296,Barra Do Garcas,BR,-15.89,-52.2567,81.73,23,8,clear sky
297,Conde,BR,-7.2597,-34.9075,72.86,94,20,few clouds
298,Vila Velha,BR,-20.3297,-40.2925,71.55,84,100,overcast clouds
299,Vila Franca Do Campo,PT,37.7167,-25.4333,71.2,81,100,overcast clouds
300,Broken Hill,AU,-31.95,141.4333,59.68,44,25,scattered clouds
301,Hasaki,JP,35.7333,140.8333,79.29,82,57,broken clouds
302,Kawalu,ID,-7.3817,108.2082,76.59,85,83,broken clouds
303,North Branch,US,45.5113,-92.9802,69.87,79,83,broken clouds
304,Lodwar,KE,3.1191,35.5973,81.19,49,100,overcast clouds
305,Anadyr,RU,64.75,177.4833,48.7,66,40,scattered clouds
306,Boston,US,42.3584,-71.0598,73.09,73,100,overcast clouds
307,Jabinyanah,TN,35.035,10.9081,80.4,65,42,scattered clouds
308,Tchollire,CM,8.4022,14.1698,70.9,94,100,overcast clouds
309,Souillac,MU,-20.5167,57.5167,68.38,83,75,broken clouds
310,Kupang,ID,-10.1667,123.5833,84.47,58,37,scattered clouds
311,Clyde River,CA,70.4692,-68.5914,37.63,100,100,mist
312,Marawi,PH,7.9986,124.2928,78.26,67,93,overcast clouds
313,Carnarvon,AU,-24.8667,113.6333,68.38,61,39,scattered clouds
314,Soe,ID,-9.8607,124.284,79.14,42,19,few clouds
315,Gamba,GA,-2.65,10.0,73.67,83,100,overcast clouds
316,Mikuni,JP,36.2171,136.1519,80.51,75,99,overcast clouds
317,Naze,JP,28.3667,129.4833,83.32,83,75,broken clouds
318,Alofi,NU,-19.0595,-169.9187,82.29,65,3,clear sky
319,Wucheng,CN,29.6008,118.175,79.45,58,0,clear sky
320,Sibolga,ID,1.7427,98.7792,80.01,77,80,broken clouds
321,Tabou,CI,4.423,-7.3528,74.7,87,100,overcast clouds
322,Bhadrachalam,IN,17.6667,80.8833,74.89,96,100,overcast clouds
323,Hamilton,US,39.1834,-84.5333,73.44,93,75,broken clouds
324,Husavik,IS,66.0449,-17.3389,47.34,94,100,overcast clouds
325,Greeley,US,40.4233,-104.7091,80.22,30,0,clear sky
326,Viedma,AR,-40.8135,-62.9967,56.73,29,3,clear sky
327,Walvis Bay,NA,-22.9575,14.5053,54.55,87,0,clear sky
328,Aljezur,PT,37.3191,-8.8033,68.59,91,100,overcast clouds
329,Port Lincoln,AU,-34.7333,135.8667,54.82,80,99,overcast clouds
330,Sakakah,SA,29.9697,40.2064,89.17,20,1,clear sky
331,Bowen,AU,-20.0167,148.2333,74.48,62,1,clear sky
332,Pangnirtung,CA,66.1451,-65.7125,41.61,99,100,moderate rain
333,Alice Springs,AU,-23.7,133.8833,60.35,72,40,scattered clouds
334,Dwarka,IN,22.2394,68.9678,80.53,81,100,overcast clouds
335,Brigantine,US,39.4101,-74.3646,74.05,96,100,overcast clouds
336,Semirom,IR,31.4167,51.5667,56.35,43,0,clear sky
337,Trelew,AR,-43.249,-65.3051,54.59,49,74,broken clouds
338,Baglan,AF,36.1307,68.7083,62.29,27,1,clear sky
339,Iquique,CL,-20.2208,-70.1431,59.04,76,38,scattered clouds
340,Anstruther,GB,56.2231,-2.7023,60.85,100,40,light rain
341,Murgab,TM,37.4966,61.9714,55.27,44,0,clear sky
342,Margate,GB,51.3813,1.3862,66.9,91,70,broken clouds
343,College,US,64.8569,-147.8028,63.07,51,75,broken clouds
344,Itaituba,BR,-4.2761,-55.9836,86.61,35,98,overcast clouds
345,Jacareacanga,BR,-6.2222,-57.7528,82.92,36,0,clear sky
346,Saint-Joseph,RE,-21.3667,55.6167,71.47,76,18,few clouds
347,Tiarei,PF,-17.5333,-149.3333,84.22,69,5,clear sky
348,Khani,GE,41.9563,42.9566,63.97,63,0,clear sky
349,Zalantun,CN,48.0,122.7167,67.08,64,99,overcast clouds
350,Marzuq,YE,14.4,46.4667,79.74,47,99,light rain
351,Port-Gentil,GA,-0.7193,8.7815,74.75,84,100,overcast clouds
352,Nouakchott,MR,18.0858,-15.9785,81.32,77,66,broken clouds
353,Fernley,US,39.608,-119.2518,91.02,23,71,broken clouds
354,Rajanpur,PK,29.1035,70.325,86.99,56,0,clear sky
355,Dondo,MZ,-19.6094,34.7431,65.23,95,1,clear sky
356,Caraballeda,VE,10.6112,-66.8522,82.36,83,40,scattered clouds
357,Kirakira,SB,-10.4544,161.9205,82.44,74,73,broken clouds
358,Hjelset,NO,62.7833,7.4833,53.38,87,100,overcast clouds
359,Parfino,RU,57.9731,31.6481,48.11,76,100,overcast clouds
360,Manaquiri,BR,-3.3167,-60.35,88.25,46,21,few clouds
361,Lavrentiya,RU,65.5833,-171.0,45.36,83,100,overcast clouds
362,Prieska,ZA,-29.6641,22.7474,52.14,62,100,overcast clouds
363,Sur,OM,22.5667,59.5289,86.65,57,98,overcast clouds
364,Healdsburg,US,38.6105,-122.8692,93.97,40,75,haze
365,Scarborough,GB,54.2797,-0.4044,60.91,91,100,light rain
366,Mackenzie,CA,55.2999,-123.1698,70.02,26,0,clear sky
367,Vilhena,BR,-12.7406,-60.1458,79.07,46,100,overcast clouds
368,Gunnedah,AU,-30.9833,150.25,59.88,43,14,few clouds
369,Sawtell,AU,-30.3833,153.1,68.18,45,75,broken clouds
370,Dubna,RU,56.7333,37.1667,45.77,67,100,overcast clouds
371,Neuquen,AR,-38.9516,-68.0591,62.49,29,0,clear sky
372,Bone,DE,51.9669,12.1396,55.81,82,100,overcast clouds
373,Dawei,MM,14.0833,98.2,76.46,88,100,overcast clouds
374,Dhuwaran,IN,22.2333,72.8,79.14,90,100,moderate rain
375,Tura,IN,25.5198,90.2201,73.45,93,100,overcast clouds
376,Easley,US,34.8298,-82.6015,76.5,88,100,overcast clouds
377,Da Nang,VN,16.0678,108.2208,78.78,89,40,scattered clouds
378,Tecoanapa,MX,16.5167,-98.75,77.59,91,100,overcast clouds
379,Karratha,AU,-20.7377,116.8463,74.75,45,0,clear sky
380,Iracoubo,GF,5.4802,-53.2011,79.21,83,4,clear sky
381,Merauke,ID,-8.4667,140.3333,84.63,67,99,overcast clouds
382,Muravlenko,RU,63.7898,74.523,39.79,83,100,overcast clouds
383,Villarrica,PY,-25.75,-56.4333,57.02,64,60,broken clouds
384,Los Llanos De Aridane,ES,28.6585,-17.9182,71.35,79,0,clear sky
385,Odweyne,SO,9.4092,45.064,71.56,67,6,clear sky
386,Cururupu,BR,-1.8283,-44.8683,76.77,85,88,overcast clouds
387,Nuuk,GL,64.1835,-51.7216,47.01,76,20,few clouds
388,Kumbo,CM,6.2,10.6667,58.08,99,88,light rain
389,Bridlington,GB,54.0831,-0.1919,63.9,86,100,moderate rain
390,Sechura,PE,-5.5569,-80.8222,63.48,77,23,few clouds
391,Rotifunk,SL,8.2333,-12.6833,72.59,98,100,light rain
392,Billings,US,45.7833,-108.5007,83.97,23,40,smoke
393,Athabasca,CA,54.7169,-113.2854,72.01,41,100,overcast clouds
394,Olafsvik,IS,64.8945,-23.7142,48.92,60,100,overcast clouds
395,Iralaya,HN,15.0,-83.2333,81.43,84,11,few clouds
396,Avera,US,33.194,-82.5271,77.56,92,100,overcast clouds
397,Grand Gaube,MU,-20.0064,57.6608,68.4,74,12,few clouds
398,Severo-Kurilsk,RU,50.6789,156.125,56.57,79,48,scattered clouds
399,Tatarbunary,UA,45.8373,29.6142,64.22,70,98,overcast clouds
400,Breves,BR,-1.6822,-50.4803,78.87,71,86,overcast clouds
401,Khonsa,IN,27.0167,95.5667,70.41,87,79,broken clouds
402,San Ignacio,BZ,17.1561,-89.0714,76.75,99,100,overcast clouds
403,San Francisco,US,37.7749,-122.4194,87.12,79,75,broken clouds
404,Kos,GR,36.8933,27.2889,74.64,80,0,clear sky
405,Najran,SA,17.4924,44.1277,75.85,25,54,broken clouds
406,Sertanopolis,BR,-23.0586,-51.0364,68.07,67,33,scattered clouds
407,Atbasar,KZ,51.8,68.3333,42.66,77,83,broken clouds
408,Parasia,IN,22.2,78.7667,70.34,97,67,light rain
409,Permet,AL,40.2336,20.3517,63.46,92,0,clear sky
410,Kaitangata,NZ,-46.2817,169.8464,56.03,54,100,overcast clouds
411,Goure,NE,13.9835,10.2704,81.01,59,39,scattered clouds
412,Guerrero Negro,MX,27.9769,-114.0611,77.88,74,5,clear sky
413,Naples,IT,40.8333,14.25,77.76,76,0,clear sky
414,Lazaro Cardenas,MX,17.9583,-102.2,79.47,86,100,overcast clouds
415,Morehead,US,37.2711,-87.1764,72.0,82,100,overcast clouds
416,Hirara,JP,24.8,125.2833,77.27,100,75,heavy intensity shower rain
417,Arvika,SE,59.6553,12.5852,50.61,93,58,broken clouds
418,Port Hardy,CA,50.6996,-127.4199,62.78,77,75,broken clouds
419,Benemerito De Las Americas,MX,16.5167,-90.6439,74.71,99,100,overcast clouds
420,Terrace,CA,54.5163,-128.6035,75.11,35,0,clear sky
421,Arlit,NE,18.7369,7.3853,92.01,11,6,clear sky
422,Velingara,SN,13.15,-14.1167,73.38,98,100,moderate rain
423,Peterhead,GB,57.5058,-1.7981,58.5,97,100,overcast clouds
424,Salinopolis,BR,-0.6136,-47.3561,79.61,83,90,overcast clouds
425,Yima,CN,34.7381,111.8839,72.57,56,0,clear sky
426,Bereda,ES,43.2686,-7.5406,65.57,98,87,overcast clouds
427,Meulaboh,ID,4.1363,96.1285,77.61,83,96,overcast clouds
428,Kutum,SD,14.2,24.6667,77.16,37,89,overcast clouds
429,Talnakh,RU,69.4865,88.3972,38.21,91,100,light rain
430,Salaverry,PE,-8.2333,-78.9667,59.38,86,61,broken clouds
431,Saint-Francois,FR,46.4154,3.9054,54.84,82,0,clear sky
432,Pocao De Pedras,BR,-4.6667,-44.85,81.34,57,73,broken clouds
433,Lara,AU,-38.0167,144.4,56.77,73,55,broken clouds
434,Safaga,EG,26.7292,33.9365,86.02,38,0,clear sky
435,Roald,NO,62.5833,6.1333,53.33,93,75,broken clouds
436,Bose,IT,45.4612,8.0137,65.21,70,24,few clouds
437,Kholodnyy,RU,62.7167,147.95,43.81,44,100,overcast clouds
438,Mattru,SL,7.6244,-11.8332,72.18,98,100,overcast clouds
439,Roma,US,43.2128,-75.4557,66.69,93,100,overcast clouds
440,Chara,RU,56.9064,118.2631,49.55,53,6,clear sky
441,Torzhok,RU,57.0436,34.9622,44.06,74,100,overcast clouds
442,Kabo,CF,7.6994,18.629,70.59,98,100,light rain
443,Epinal,FR,48.1833,6.45,53.15,92,11,few clouds
444,Mazagao,BR,-0.115,-51.2894,82.45,83,57,broken clouds
445,Amapa,BR,1.0,-52.0,73.54,84,57,broken clouds
446,Borovoy,RU,55.4333,86.0833,49.28,100,75,broken clouds
447,Zinder,NE,13.8072,8.9881,82.26,59,62,broken clouds
448,Deer Lake,CA,49.1667,-57.4316,51.66,93,0,clear sky
449,Road Town,VG,18.4167,-64.6167,82.49,83,40,scattered clouds
450,Synya,RU,65.3718,58.0387,42.12,98,100,overcast clouds
451,Ilheus,BR,-14.7889,-39.0494,71.42,100,20,few clouds
452,Komsomolskiy,UZ,40.4272,71.7189,63.32,48,63,broken clouds
453,Constitucion,CL,-35.3333,-72.4167,51.17,75,94,overcast clouds
454,Puerto Baquerizo Moreno,EC,-0.9,-89.6,67.39,78,95,overcast clouds
455,Brae,GB,60.3964,-1.353,55.92,96,100,light rain
456,Iqaluit,CA,63.7506,-68.5145,44.33,81,75,broken clouds
457,Gabriel Leyva Solano,MX,25.6667,-108.6417,93.02,71,1,clear sky
458,Arraial Do Cabo,BR,-22.9661,-42.0278,67.23,70,93,overcast clouds
459,Makokou,GA,0.5738,12.8642,69.03,98,100,light rain
460,Zhengjiatun,CN,43.5064,123.5064,71.78,68,16,few clouds
461,Saint-Leu,RE,-21.15,55.2833,71.96,78,0,clear sky
462,Columbia,US,34.0007,-81.0348,80.47,84,75,broken clouds
463,Aykhal,RU,66.0,111.5,35.42,99,100,overcast clouds
464,Bandarbeyla,SO,9.4942,50.8122,78.69,73,100,overcast clouds
465,Ranong,TH,9.9658,98.6348,75.13,81,100,overcast clouds
466,Ambon,ID,-3.6954,128.1814,78.94,94,75,broken clouds
467,Dorfen,DE,48.2667,12.15,53.83,93,0,clear sky
468,Katobu,ID,-4.9408,122.5276,83.43,61,100,overcast clouds
469,Kaka,TM,37.3482,59.6143,59.95,25,0,clear sky
470,Calama,CL,-22.4667,-68.9333,55.89,19,6,clear sky
471,Vila,PT,42.0304,-8.1588,63.48,85,100,overcast clouds
472,Kyshtovka,RU,56.555,76.6271,34.66,88,43,scattered clouds
473,Khash,IR,28.2211,61.2158,68.61,29,0,clear sky
474,Dhemaji,IN,27.4833,94.5833,73.47,90,61,broken clouds
475,Saint Anthony,US,45.0205,-93.218,69.73,51,0,clear sky
476,Maniitsoq,GL,65.4167,-52.9,40.77,99,100,light rain
477,Bogorodskoye,RU,56.55,37.8833,46.11,66,100,overcast clouds
478,Biak,ID,-0.9131,122.8766,78.17,76,100,overcast clouds
479,Wewak,PG,-3.5534,143.6268,81.05,76,100,overcast clouds
480,Jose Bonifacio,BR,-21.0528,-49.6883,78.06,43,62,broken clouds
481,Gafanha Da Encarnacao,PT,40.6181,-8.733,72.77,84,100,overcast clouds
482,Kasama,ZM,-10.2129,31.1808,62.67,53,13,few clouds
483,Ust-Koksa,RU,50.2696,85.6108,42.93,85,100,overcast clouds
484,Toyo,PH,10.7333,125.0167,87.73,63,55,broken clouds
485,Olinda,BR,-8.0089,-34.8553,76.73,69,40,scattered clouds
486,Bikaner,IN,28.0167,73.3,87.24,52,59,broken clouds
487,Necochea,AR,-38.5473,-58.7368,52.09,53,100,overcast clouds
488,Winchester,GB,51.0651,-1.3187,63.68,93,40,mist
489,Fujin,CN,47.26,132.0322,68.88,79,100,overcast clouds
490,Chumikan,RU,54.7183,135.315,45.12,92,100,moderate rain
491,Banda Aceh,ID,5.5577,95.3222,80.98,75,100,overcast clouds
492,Patu,BR,-6.11,-37.6367,76.93,63,63,broken clouds
493,Tadine,NC,-21.55,167.8833,78.17,68,0,clear sky
494,Kaeo,NZ,-35.1,173.7833,61.07,85,71,broken clouds
495,Lahat,ID,-3.8,103.5333,75.29,94,99,overcast clouds
496,Garmsar,IR,35.2182,52.3409,74.05,43,0,clear sky
497,Mutis,CO,6.2262,-77.4044,77.5,89,100,light rain
498,Praia,CV,14.9215,-23.5087,78.17,82,10,clear sky
499,Mendi,PG,-6.1761,143.6513,65.35,77,88,overcast clouds
500,Kamenka,RU,51.3223,42.7678,49.8,56,100,overcast clouds
501,Carballo,ES,43.213,-8.691,70.9,87,100,overcast clouds
502,Enshi,CN,30.3,109.4833,73.49,76,1,clear sky
503,Fairbanks,US,64.8378,-147.7164,63.09,50,40,scattered clouds
504,Chardara,KZ,41.2547,67.9692,54.28,51,0,clear sky
505,Ndele,CF,8.4109,20.6473,70.68,98,97,overcast clouds
506,Wagar,SD,16.1525,36.2032,86.4,58,100,overcast clouds
507,Dawlatabad,AF,36.4141,64.9053,57.6,23,0,clear sky
508,Jacqueville,CI,5.2052,-4.4146,73.24,92,21,few clouds
509,Bestobe,KZ,52.4994,73.0975,43.05,77,16,few clouds
510,Uarini,BR,-2.99,-65.1083,78.01,76,76,broken clouds
511,Olden,NO,61.8364,6.8064,50.74,83,100,overcast clouds
512,Nanyuki,KE,0.0167,37.0728,55.96,84,20,few clouds
513,Odesskoye,RU,54.2111,72.9651,39.18,81,0,clear sky
514,Sabang,ID,5.8933,95.3214,81.79,73,100,overcast clouds
515,Hayden,US,47.766,-116.7866,79.48,32,0,haze
516,Salamiyah,SY,35.0113,37.0532,70.05,59,0,clear sky
517,Montepuez,MZ,-13.1256,38.9997,64.42,92,57,broken clouds
518,Cap Malheureux,MU,-19.9842,57.6142,67.46,74,11,few clouds
519,Itajuipe,BR,-14.6781,-39.375,70.59,99,13,few clouds
520,Maraa,BR,-1.8333,-65.3667,76.3,82,20,few clouds
521,Tamano,JP,34.4833,133.95,84.88,73,11,few clouds
522,Huarmey,PE,-10.0681,-78.1522,61.63,83,75,broken clouds
523,Hami,CN,42.8,93.45,82.4,15,2,clear sky
524,Acarau,BR,-2.8856,-40.12,77.76,83,38,scattered clouds
525,Dera Ghazi Khan,PK,30.0561,70.6348,86.02,54,0,clear sky
526,Gigmoto,PH,13.7796,124.39,84.97,74,100,overcast clouds
527,Kumluca,TR,36.3703,30.2869,79.39,47,0,clear sky
528,Mandan,US,46.8267,-100.8896,80.58,28,0,clear sky
529,Burns Lake,CA,54.2331,-125.7533,72.82,31,7,clear sky
530,Atocha,BO,-20.9333,-66.2333,44.01,17,24,few clouds
531,Polson,US,47.6936,-114.1632,71.49,56,10,clear sky
532,Natal,BR,-5.795,-35.2094,79.02,78,20,few clouds
533,Mezen,RU,65.8522,44.24,43.79,94,100,overcast clouds
534,Prestea,GH,5.4327,-2.1428,70.09,98,89,overcast clouds
535,Trogir,HR,43.5125,16.2517,68.05,42,0,clear sky
536,Gushikawa,JP,26.3544,127.8686,83.79,84,0,clear sky
537,Frontera,MX,26.9333,-101.45,87.55,42,40,scattered clouds
538,Yakeshi,CN,49.2833,120.7333,57.49,69,100,overcast clouds
539,Rypefjord,NO,70.6333,23.6667,46.87,100,75,broken clouds
540,Otofuke,JP,42.9917,143.2003,61.75,83,100,overcast clouds
541,Russell,US,32.3502,-85.1999,79.88,83,40,scattered clouds
542,Baryshivka,UA,50.361,31.3217,52.92,96,100,overcast clouds
543,Hope,US,33.6671,-93.5916,80.65,63,79,broken clouds
544,Colares,PT,38.7992,-9.4469,72.34,79,100,light rain
545,Rehau,DE,50.25,12.0333,54.0,99,100,overcast clouds
546,Cairns,AU,-16.9167,145.7667,84.07,68,75,broken clouds
547,Tonantins,BR,-2.8731,-67.8022,76.12,86,41,scattered clouds
548,Sitka,US,57.0531,-135.33,60.69,63,75,broken clouds
549,Huilong,CN,31.8111,121.655,79.93,85,100,overcast clouds
550,Shingu,JP,33.7333,135.9833,81.81,74,89,overcast clouds
551,Liwale,TZ,-9.7667,37.9333,62.76,97,44,scattered clouds
552,Pervomayskiy,RU,53.2485,40.2871,50.27,63,100,overcast clouds
553,Marrakesh,MA,31.6315,-8.0083,77.07,65,40,scattered clouds
554,Seymchan,RU,62.8833,152.4333,45.41,73,100,overcast clouds
555,Yumen,CN,40.2833,97.2,66.04,27,0,clear sky
556,Belmonte,BR,-15.8631,-38.8828,70.03,73,5,clear sky
557,Nsukka,NG,6.8561,7.3927,67.17,99,93,overcast clouds
558,Vengerovo,RU,55.6848,76.7471,37.87,85,100,overcast clouds
559,Port Macquarie,AU,-31.4333,152.9167,67.89,59,89,overcast clouds
560,Kieta,PG,-6.2167,155.6333,84.24,65,20,few clouds
561,Valdivia,CL,-39.8142,-73.2459,46.22,93,93,overcast clouds
562,Machala,EC,-3.2667,-79.9667,69.64,88,66,broken clouds
563,Katherine,AU,-14.4667,132.2667,86.32,51,0,clear sky
564,Sembakung,ID,3.8167,117.25,83.21,72,100,overcast clouds
565,Mount Isa,AU,-20.7333,139.5,76.77,31,40,scattered clouds
566,Yilan,TW,24.757,121.753,82.36,99,100,overcast clouds
567,Okato,NZ,-39.2,173.8833,60.91,86,100,light rain
568,Vao,NC,-22.6667,167.4833,72.3,84,37,scattered clouds
569,Boa Vista,BR,2.8197,-60.6733,82.38,87,40,scattered clouds
570,Bathsheba,BB,13.2167,-59.5167,83.01,74,20,few clouds
571,Coronado,US,32.6859,-117.1831,85.03,75,40,scattered clouds
572,Atamanovka,RU,51.93,113.63,43.23,50,13,few clouds
573,Emirdag,TR,39.0197,31.15,65.25,59,0,clear sky
574,Pokhara,NP,28.2333,83.9833,71.2,91,100,overcast clouds
575,Doka,SD,13.5167,35.7667,71.02,96,35,scattered clouds
576,Tapiramuta,BR,-11.8472,-40.7914,64.29,71,11,few clouds
577,Manokwari,ID,-0.8667,134.0833,81.82,70,93,overcast clouds
578,Hounde,BF,11.5,-3.5167,73.02,89,73,light rain
579,Kuching,MY,1.55,110.3333,77.22,88,20,few clouds
580,Isla Mujeres,MX,21.2311,-86.731,82.45,84,99,overcast clouds
581,Santo Domingo,DO,18.5001,-69.9886,82.04,94,72,broken clouds
582,Tautira,PF,-17.7333,-149.15,78.69,72,16,light rain
583,Yerbogachen,RU,61.2767,108.0108,46.38,79,23,few clouds
584,Ushtobe,KZ,45.2514,77.9838,53.47,64,0,clear sky
585,Narasannapeta,IN,18.4167,84.05,80.4,86,100,moderate rain
586,Gizo,SB,-8.103,156.8419,83.1,71,16,light rain
587,Thayetmyo,MM,19.3167,95.1833,75.02,97,100,overcast clouds
588,Alihe,CN,50.5667,123.7167,49.98,95,100,overcast clouds
589,Sumbe,AO,-11.2061,13.8437,69.21,91,0,clear sky
590,Teguldet,RU,57.3064,88.1667,42.06,95,100,light rain
591,High Rock,BS,26.6208,-78.2833,84.22,70,13,few clouds
592,Berdigestyakh,RU,62.0989,126.6992,44.38,80,94,overcast clouds
593,Taltal,CL,-25.4,-70.4833,56.34,74,0,clear sky
594,Sorland,NO,67.667,12.6934,49.86,82,100,overcast clouds
595,Chingirlau,KZ,51.095,54.0814,51.58,48,100,overcast clouds
596,Nome,US,64.5011,-165.4064,51.87,93,100,mist
597,Akureyri,IS,65.6835,-18.0878,44.53,93,100,overcast clouds
598,Padang,ID,-0.9492,100.3543,73.45,74,100,overcast clouds
599,Gazli,UZ,40.1333,63.45,57.18,44,0,clear sky
600,Cameta,BR,-2.2444,-49.4958,80.87,78,100,overcast clouds
601,Kolda,SN,12.8833,-14.95,73.71,98,100,light rain
602,Nautla,MX,20.2167,-96.7833,80.19,77,6,clear sky
603,Dryden,CA,49.7833,-92.7503,62.89,51,0,clear sky
604,Pinerovka,RU,51.562,43.0689,49.89,57,100,overcast clouds
605,Bantry,IE,51.6833,-9.45,61.79,99,100,overcast clouds
606,Waitati,NZ,-45.75,170.5667,54.81,74,100,overcast clouds
607,Ketchikan,US,55.3422,-131.6461,64.87,48,0,clear sky
608,Cabedelo,BR,-6.9811,-34.8339,74.07,80,24,few clouds
609,Socastee,US,33.6835,-78.9984,81.07,84,0,clear sky
610,Conceicao Da Barra,BR,-18.5933,-39.7322,71.4,82,100,overcast clouds
611,Srednekolymsk,RU,67.45,153.6833,41.67,89,100,overcast clouds
612,Nikopol,UA,47.5712,34.3964,61.54,64,81,broken clouds
613,Waingapu,ID,-9.6567,120.2641,83.62,64,3,clear sky
614,Liuli,TZ,-11.0833,34.6333,73.78,61,0,clear sky
615,Sept-Iles,CA,50.2001,-66.3821,56.05,98,100,fog
616,Westport,US,41.1415,-73.3579,69.57,85,100,overcast clouds
617,Great Falls,US,47.5002,-111.3008,85.66,12,20,haze
618,Ilulissat,GL,69.2167,-51.1,48.22,71,100,overcast clouds
619,Axim,GH,4.8699,-2.2405,73.65,90,62,broken clouds
620,Nemuro,JP,43.3236,145.575,65.61,81,59,broken clouds
621,Flin Flon,CA,54.7682,-101.865,62.73,34,0,clear sky
622,Thai Binh,VN,20.45,106.3333,81.14,80,79,broken clouds
623,Innisfail,AU,-17.5333,146.0333,77.02,68,71,broken clouds
624,Pedernales,DO,18.0384,-71.744,83.19,75,53,broken clouds
625,Upata,VE,8.0086,-62.3989,78.19,93,52,broken clouds
626,Caborca,MX,30.5838,-111.101,88.23,46,0,clear sky
627,Tres Lagoas,BR,-20.7511,-51.6783,80.96,45,0,clear sky
628,Adre,TD,13.4667,22.2,77.67,46,100,overcast clouds
629,Egvekinot,RU,66.3167,-179.1667,41.97,56,87,overcast clouds
630,Moletai,LT,55.2333,25.4167,47.25,98,100,overcast clouds
631,Bambanglipuro,ID,-7.95,110.2833,80.11,78,69,broken clouds
632,Presidencia Roque Saenz Pena,AR,-26.7852,-60.4388,56.05,44,0,clear sky
633,Dudinka,RU,69.4058,86.1778,38.62,93,100,overcast clouds
634,Kendari,ID,-3.945,122.4989,82.33,73,95,overcast clouds
635,Daru,PG,-9.0763,143.2092,80.53,84,96,overcast clouds
636,Sheregesh,RU,52.9209,87.9869,48.47,95,29,scattered clouds
637,Aras,ES,42.5617,-2.356,77.43,65,0,clear sky
638,Lukaya,UG,-0.1489,31.8748,64.51,84,100,overcast clouds
639,Abu Kamal,SY,34.4506,40.9171,84.78,24,0,clear sky
640,Nagorsk,RU,59.3172,50.8078,36.25,96,8,clear sky
641,Soyo,AO,-6.1349,12.3689,71.91,89,12,few clouds
642,Kautokeino,NO,69.0125,23.0412,44.26,79,100,overcast clouds
643,Caruray,PH,10.3094,119.0128,84.15,74,99,overcast clouds
644,Mazabuka,ZM,-15.856,27.748,65.79,34,0,clear sky
645,Celestun,MX,20.8667,-90.4,81.52,82,98,overcast clouds
646,Lumeje,AO,-11.55,20.7833,66.24,26,5,clear sky
647,Ucluelet,CA,48.9329,-125.5528,65.08,80,25,scattered clouds
648,Mufumbwe,ZM,-13.6833,24.8,58.68,26,0,clear sky
649,Chesterton,US,41.6106,-87.0642,63.57,91,100,overcast clouds
650,Ajdabiya,LY,30.7554,20.2263,76.96,70,0,clear sky
651,Tete,MZ,-16.1564,33.5867,73.8,45,0,clear sky
652,Mabaruma,GY,8.2,-59.7833,74.98,90,23,few clouds
653,Whitehorse,CA,60.7161,-135.0538,63.01,35,40,scattered clouds
654,Alnashi,RU,56.1874,52.4792,41.77,90,73,light rain
655,San Cristobal,VE,7.7669,-72.225,77.18,96,24,few clouds
656,Huanren,CN,41.2647,125.3667,73.27,67,1,clear sky
657,Seara,PT,41.1818,-7.8003,68.95,62,100,overcast clouds
658,Matara,LK,5.9485,80.5353,76.19,92,95,overcast clouds
659,Beringovskiy,RU,63.05,179.3167,46.72,74,64,broken clouds
660,Manbij,SY,36.5281,37.9549,73.27,60,0,clear sky
661,Namuac,PH,18.6109,121.1657,84.47,67,31,scattered clouds
662,Kosh-Agach,RU,50.0,88.6667,47.41,74,100,light rain
663,Vanavara,RU,60.34,102.2797,46.62,79,36,scattered clouds
